property_number,description,cost
2024-04-03-IT020.DT1.A-CPO,"Desktop, System Unit, Neutron Fit
SN: N/A", 
2024-04-03-IT020.DT1.B-CPO,"Monitor, Gaming Monitor Gamdias
Model: ATLAS VH22F
SN: VH22F02212300349",
2024-04-03-IT020.DT2.A-CPO,"Desktop, System Unit, Neutron Fit
SN: DR42300112",
2024-04-03-IT020.DT2.B-CPO,"Monitor, Gaming Monitor Gamdias
Model: ATLAS VH22F
SN: VH22F02210200438",
2024-04-03-IT020.DT3.A-CPO,"Desktop, System Unit, Neutron Fit
SN: DR42300129",
2024-04-03-IT020.DT3.B-CPO,"Monitor, Gaming Monitor Gamdias
Model: ATLAS VH22F
SN: VH22F02210201091",
2024-04-03-IT020.DT4.A-CPO,"Desktop, System Unit, Neutron Fit
SN: DR42300100",
2024-04-03-IT020.DT4.B-CPO,"Monitor, Gaming Monitor Gamdias
Model: ATLAS VH22F
SN: VH22F02212300883",
2024-04-03-IT020.DT5.A-CPO,"Desktop, System Unit, Neutron Fit
SN: DR42300143",
2024-04-03-IT020.DT5.B-CPO,"Monitor, Gaming Monitor Gamdias
Model: ATLAS VH22F
SN: VH22F02212300026",
2024-04-03-IT020.DT6.A-CPO,"Desktop, System Unit, Neutron Fit
SN: DR42300126",
2024-04-03-IT020.DT6.B-CPO,"Monitor, Gaming Monitor Gamdias
Model: ATLAS VH22F
SN: VH22F02212300016",
2024-04-03-IT020.DT7.A-CPO,"Desktop, System Unit, Neutron Fit
SN: DR42300145",
2024-04-03-IT020.DT7.B-CPO,"Monitor, Gaming Monitor Gamdias
Model: ATLAS VH22F
SN: VH22F02212300891",
2024-04-03-IT020.DT8.A-CPO,"Desktop, System Unit, Neutron Fit
SN: N/A",
2024-04-03-IT020.DT8.B-CPO,"Monitor, Gaming Monitor Gamdias
Model: ATLAS VH22F
SN: VH22F02212300657",
2024-04-03-IT020.DT9.A-CPO,"Desktop, System Unit, Neutron Fit
SN: DR42300140",
2024-04-03-IT020.DT9.B-CPO,"Monitor, Gaming Monitor Gamdias
Model: ATLAS VH22F
SN: VH22F02212300874",
2024-04-03-IT020.DT10.A-CPO,"Desktop, System Unit, Neutron Fit
SN: DR42300107",
2024-04-03-IT020.DT10.B-CPO,"Monitor, Gaming Monitor Gamdias
Model: ATLAS VH22F
SN: VH22F02212300991",
2024-04-03-IT020.DT11.A-CPO,"Desktop, System Unit, Neutron Fit
SN: DR42300127",
2024-04-03-IT020.DT11.B-CPO,"Monitor, Gaming Monitor Gamdias
Model: ATLAS VH22F
SN: VH22F02212300959",
2024-04-03-IT020.DT12.A-CPO,"Desktop, System Unit, Neutron Fit
SN: DR42300144",
2024-04-03-IT020.DT12.B-CPO,"Monitor, Gaming Monitor Gamdias
Model: ATLAS VH22F
SN: VH22F02210200090",
2024-04-03-IT020.DT13.A-CPO,"Desktop, System Unit, Neutron Fit
SN: DR42300098",
2024-04-03-IT020.DT13.B-CPO,"Desktop, Monitor, Gamdias (Atlas VH22F)
SN: VH22F02212300350",
2024-04-03-IT020.DT14.A-CPO,"Desktop, System Unit, Neutron Fit
SN: DR42300141",
2024-04-03-IT020.DT14.B-CPO,"Monitor, Gaming Monitor Gamdias
Model: ATLAS VH22F
SN: VH22F02212300031",
2024-04-03-IT020.DT15.A-CPO,"Desktop, System Unit, Neutron Fit
SN: DR42300099",
2024-04-03-IT020.DT15.B-CPO,"Monitor, Gaming Monitor Gamdias
Model: ATLAS VH22F
SN: VH22F02212300351",
2024-04-03-IT020.DT16.A-CPO,"Desktop, System Unit, Neutron Fit
SN: DR42300065",
2024-04-03-IT020.DT16.B-CPO,"Monitor, Gaming Monitor Gamdias
Model: ATLAS VH22F
SN: VH22F02210201405",
2024-04-03-IT020.DT17.A-CPO,"Desktop, System Unit, Neutron Fit
SN: DR42300133",
2024-04-03-IT020.DT17.B-CPO,"Monitor, Gaming Monitor Gamdias
Model: ATLAS VH22F
SN: VH22F02210201027",
2024-04-03-IT020.DT18.A-CPO,"Desktop, System Unit, Neutron Fit
SN: DR42300066",
2024-04-03-IT020.DT18.B-CPO,"Monitor, Gaming Monitor Gamdias
Model: ATLAS VH22F
SN: VH22F02212300885",
2024-04-03-IT020.DT19.A-CPO,"Desktop, System Unit, Neutron Fit
SN: N/A",
2024-04-03-IT020.DT19.B-CPO,"Monitor, Gaming Monitor Gamdias
Model: ATLAS VH22F
SN: VH22F02210201102",
2024-04-03-IT020.DT20.A-CPO,"Desktop, System Unit, Neutron Fit
SN: DR42300103",
2024-04-03-IT020.DT20.B-CPO,"Monitor, Gaming Monitor Gamdias
Model: ATLAS VH22F
SN: VH22F02210200070",
2024-04-03-IT020.DT21.A-CPO,"Desktop, System Unit, Neutron Fit
SN: DR42300115",
2024-04-03-IT020.DT21.B-CPO,"Monitor, Gaming Monitor Gamdias
Model: ATLAS VH22F
SN: VH22F02210200043",
2024-04-03-IT020.DT22.A-CPO,"Desktop, System Unit, Neutron Fit
SN: DR42300093",
2024-04-03-IT020.DT22.B-CPO,"Monitor, Gaming Monitor Gamdias
Model: ATLAS VH22F
SN: VH22F02210200415",
2024-04-03-IT020.DT23.A-CPO,"Desktop, System Unit, Neutron Fit
SN: DR42300101",
2024-04-03-IT020.DT23.B-CPO,"Desktop, Monitor, Gamdias (Atlas VH22F)
SN: VH22F02212300028",
2024-04-03-IT020.DT24.A-CPO,"Desktop, System Unit, Neutron Fit
SN: DR42300110",
2024-04-03-IT020.DT24.B-CPO,"Desktop, Monitor, Gamdias (Atlas VH22F)
SN: VH22F02212300951",
2024-04-03-IT020.DT25.A-CPO,"Desktop, System Unit, Neutron Fit
SN: DR42300128",
2024-04-03-IT020.DT25.B-CPO,"Monitor, Gaming Monitor Gamdias
Model: ATLAS VH22F
SN: VH22F02212300654",
2024-04-03-IT020.DT26.A-CPO,"Desktop, System Unit, Neutron Fit
SN: DR42300067",
2024-04-03-IT020.DT26.B-CPO,"Monitor, Gaming Monitor Gamdias
Model: ATLAS VH22F
SN: VH22F02212300045",
2024-04-03-IT020.DT27.B-CPO,"Desktop, Monitor, Gamdias (Atlas VH22F)
SN: VH22F02212300145",
2024-04-03-IT020.DT28.A-CPO,"Desktop, System Unit, Neutron Fit
SN: DR42300142",
2024-04-03-IT020.DT28.B-CPO,"Monitor, Gaming Monitor Gamdias
Model: ATLAS VH22F
SN: VH22F02210200049",
2024-04-03-IT020.DT29.A-CPO,"Desktop, System Unit, Neutron Fit
SN: DR42300105",
2024-04-03-IT020.DT29.B-CPO,"Monitor, Gaming Monitor Gamdias
Model: ATLAS VH22F
SN: VH22F02212300837",
2024-04-03-IT020.DT30.A-CPO,"Desktop, System Unit, Neutron Fit
SN: DR42300111",
2024-04-03-IT020.DT30.B-CPO,"Monitor, Gaming Monitor Gamdias
Model: ATLAS VH22F
SN: VH22F02212300928",
0000-04-03-IT0025.L1-CPO,"Laptop, 
Brand: ASUS
Model: X550ZE
SN: GAN0CV17C54843E",
0000-04-03-IT0025.L2-CPO,"Laptop, 
Brand: ASUS
Model: X550ZE
SN: GAN0CV17C231436",
0000-04-03-IT0025.L3-CPO,"Laptop, 
Brand: ASUS
Model: X550ZE
SN: GAN0CV12S63842B",
0000-04-03-IT0025.L4-CPO,"Laptop, 
Brand: ASUS
Model: X550ZE
SN: GAN0CV12S62742D",
0000-04-03-IT0027.L5-CPO,"Laptop, CHUWI
Model: MijaBook
SN: 256G2101010221",
0000-04-03-IT0025.L6-CPO,"Laptop, Asus
Model: X550ZE
SN: GAN0CV12S321428",
0000-04-03-IT0025.L7-CPO,"Laptop, Asus
Model: X550ZE
SN: GAN0CV20D176435",
0000-04-03-IT0027.L8-CPO,"Laptop, CHUWI
Model: MijaBook
SN: 256G2101010198",
0000-04-03-IT0108.L9-CPO,"Laptop, LENOVO ideapad S130-11IGM
Model: 81J1
SN: Y1506N1DR",
0000-04-03-IT0025.L10-CPO,"Laptop, Asus
Model: X550ZE
SN: GAN0CV20D098434",
0000-04-03-IT0025.L11-CPO,"Laptop, Asus
Model: X550ZE
SN: GAN0CV17C244433",
0000-04-03-IT0025.L12-CPO,"Laptop, Asus
Model: X550ZE
SN: GAN0CV16E879429",
0000-04-03-IT0027.L13-CPO,"Laptop, CHUWI
Model: MijaBook
SN: 256G2101010218",
,"HP Laptop, 15s-fq5xxx
SN: 5CD439868K",
,"Acer Laptop, Aspire 5
SN: NXK3SSP001234008F3400",
,"Acer Laptop, Aspire lite 15
SN: NXKRSSP001350006E40X15",
2025-05-03-IT002.L1-TOD,"Hp Victus 16-R1167TX 
Gaming Laptop Intel Core i7-14650HX
SN: CND4380XK0",
,"Laptop, Chuwi
SN: 00356-02428-19924-AAOEM",
,"Laptop, Chuwi
SN:  00356-02428-20003-AAOEM",
,"Laptop, Chuwi
SN:  00356-02428-19918-AAOEM",
,"Laptop, Lenovo
SN:  00330-80000-00000-AA479",
,"Laptop, ASUS
SN:  00342-50649-76126 AAOEM",
,"Laptop, ASUS
SN:  00342-50649-78720 AAOEM",
,"Laptop, ASUS
SN:  00342-50649-84635 AAOEM",
,"Laptop, ASUS
SN:  00342-50649-90389 AAOEM",
,"Laptop, ASUS
SN:  00342-50649-85462 AAOEM",
,"Laptop, ASUS
SN:  00342-50649-84884 AAOEM",
,"Laptop, ASUS
SN: 00342-50649-70964 AAOEM",
,"Laptop, ASUS
SN:  00342-50649-87233 AAOEM",
,"Laptop, ASUS
SN:  00342-50649-15774 AAOEM",
,"LAPTOP, ASUS X550ZE
SN: HINOCV01E85801A",
,"High-end Laptop
ACER TMP216-51-70Z5 Intel Core i7-1355I ESHELL  
SN: NXB17SP00533820BE77600",
,"Laptop Acer Aspire Lite AL-15-51M-55R1
SN: NXKRSSP001350006E40X15",
2024-04-03-IT0039.P5-CPO,"Printer, EPSON WF-C5790
Model: Work Force - C5790
SN: X3BC020778",
2024-04-03-IT0091.P1-CPO,"Printer, Brother MFC-J3540DW
SN: E81773-A3H274235",
0000-04-03-IT0028.P2-CPO,"Printer, EPSON L385
SN: X2QL003754",
0000-04-03-IT0075.P3-CPO,"Printer, Canon 
SN: AEWY01997",
0000-04-03-IT0104.P4-CPO,"Printer, EPSON
Model: L120
SN: TP3K871912",
,"Printer, DCP-T820DW
SN: E80729J1H395081",
,"Printer, EPSON L385
SN: X2QL003754",
,"Printer, PIXMA iP110
SN: AEWY01997",
,"Printer, EPSON L220
SN: VGWK045567",
2024-04-03-IT020.M1-CPO,"Desktop, Monitor, Gamdias (Atlas QHD27FIC)
SN: NCEU82103B15630591",
0000-04-03-IT020.DT1.C-CPO,"Desktop, UPS, AWP (AID1000-1000VA)
SN: E2305009015",
0000-04-03-IT020.DT1.D-CPO,"Keyboard, A4TECH
Model: KRS-85
SN: 23SAN00",
0000-04-03-IT020.DT1.E-CPO,"Mouse, A4TECH
Model: OP-720
SN: 23SAN01",
0000-04-03-IT0058.WM1-CPO,"Ubiquiti Wifi-6 Access Point (U6-Mesh)
SN: 28704EE88670hX5MSm",
0000-04-03-IT0058.WM2-CPO,"Ubiquiti Wifi-6 Access Point (U6-Mesh)
SN: 28704EE85B8CWv5ACy",
0000-04-03-IT0058.WM3-CPO,"Ubiquiti Wifi-6 Access Point (U6-Mesh)
SN: 28704EE87F10C1gDZf",
0000-04-03-IT0087.R1-CPO,"Starlink Router, UTR-211
SN: WAWC02455457",
0000-04-03-IT0088.R2-CPO,"Ruijie Reyee Router
Model: RG-EG210G-P
SN: CAR709Q003221",
0000-04-03-IT0010.AP1-CPO,"Ruijie Reyee Wireless Access Point
Model: RG-RAP6260(G)
SN: G1RP94A015755",
0000-04-03-IT0032.R3-CPO,"Wireless LTE Router, TP Link 
Model; TL-MR6400
SN:219A376001661",
0000-04-03-IT0087.R4-CPO,"Starlink Router, UTR-211
SN: WAWC00860548",
0000-04-03-IT0085.RB1-CN,"MikroTik RouterBOARD
Model: hEX S
SN: HJ30A3G1C4G/503/r2",
0000-04-03-IT0087.R5-CPO,"Starlink Router, UTR-211
SN: WAWC01451190",
0000-04-03-OtE037.MP1-CPO,"Laser mounting pole kit
Huepar LP36 - 3.7m Lasers Level Adapter Tripod",
0000-04-03-IT0070.AVR1-CPO,"Automatic Voltage Regulator (AVR) 
Akari, AVR-SVC 500",
0000-04-03-IT0070.AVR2-CPO,"Automatic Voltage Regulator (AVR) 
Akari, AVR-SVC 500",
0000-04-03-IT0070.AVR3-CPO,"Automatic Voltage Regulator (AVR) 
Akari, AVR-SVC 500",
0000-04-03-IT0070.AVR4-CPO,"Automatic Voltage Regulator (AVR) 
Akari, AVR-SVC 500",
0000-04-03-IT0070.AVR5-CPO,"Automatic Voltage Regulator (AVR) 
Akari, AVR-SVC 500",
0000-04-02-OE011.PS1-CPO,"Paper Shredder, Acura C506P
S/N: N/A",
0000-04-99-OtE038.PT1-CPO,"Pen Tablet (CTL-672), One by Wacom
SN: 2DA00M1033596",
0000-04-03-IT0092.UPS1-CPO,"UPS, AWP (AID1000-1000VA)
SN: E2307120511",
0000-04-03-IT0093.UPS2-CPO,"UPS, APC Back-UPS 650 (BX650LI-MS)
SN: 9B2005A09911",
0000-04-03-IT0094.UPS3-CPO,"UPS, Secure UPS-650VA
SN: 310026736D69894900916",
0000-04-03-IT0060.UPS4-CPO,"UPS, EATON (Eaton 5L 650VA USB PH)
SN: GA53F36B59",
0000-04-03-IT0092.UPS5-CPO,"UPS, AWP (AID850PRO+)
SN: E2203096825",
0000-04-03-IT0010.AP2-CPO,"Ubiquiti airFiber 5XHD
SN: 2041C E063DABF4908",
0000-04-03-IT0095.R6-CPO,"Wireless Router, NetGear56
SN: 2P6C837TA01ED",
0000-04-02-OE011.PS1-CPO,"Paper Shredder, Acura C506P
S/N: N/A",
0000-04-03-IT0096.MD1-CPO,"IP Satellite Modem, Newtec MDM2510
SN: 7294600304248",
0000-04-03-IT0097.WTR1-CPO,"Wireless Travel Router, TP-Link TL-WR902AC
SN: 2208286001272",
0000-04-02-OE014.TV3-CPO,"Television, Samsung
Model:  LH32EDDPLGC/XP
SN: 0L4UHTRH200217D",
0000-04-03-IT0015.K1-CPO,"Keyboard, HP
Model:  KB-0133
SN: B69370MVBRB0U5",
0000-04-03-IT0070.AVR6-CPO,"Automatic Voltage Regulator (AVR)
Model:  POWERCOM - 650A
SN: 20467310502",
0000-04-03-IT0070.AVR7-CPO,"Automatic Voltage Regulator (AVR)
Model:  PROTEC- 220VA
SN: N/A",
0000-04-03-IT0098.R7-CPO,"Router, PROLINK
Model:  H9200A
SN: 1380743005280",
0000-04-03-IT0099.SW1-CPO,"Switch, D-Link
Model:  DES-1008A
SN: QB201A5075012",
0000-04-03-IT0031.C1-CPO,"Omada Hardware Controller, TP-Link
Model:  OC200
SN: 224C0K3002003",
0000-04-03-IT0100.R8-CPO,"Omada Gigabit VPN Gateway, TP-Link
Model:  ER605(UN)
SN: 22511C3003092",
0000-04-03-IT0101.SW2-CPO,"10-Port Gigabit Smart Switch with 8-Port PoE+, TP-Link
Model:  SG2210P(UN)
SN: 22510E4002378",
0000-04-03-IT0102.AP3-CPO,"Wireless Access Point, TP-Link
Model:  EAP225-Outdoor(US) Ver:3.0
SN: 22520A0011958",
0000-04-03-IT0103.HC1-CPO,"Omada Hardware Controller, TP-Link
Model:  OC200
SN: 22070M8000921",
0000-04-03-IT0101.SW3-CPO,"8-Port Gigabit Easy Smart Switch with 4-Port PoE+, TP-Link
Model:  TL-SG108PE
SN: 220A3H7001129",
0000-04-03-IT0036.CT1-CPO,"Cable Tester
Model:  N/A
SN: 946019083",
0000-04-03-IT0037.CST1-CPO,"Crimping Tool
Model:  N/A
SN: N/A",
0000-04-03-IT0102.AP4-CPO,"Wireless Access Point, TP-Link
Model:  EAP225-Outdoor(US) Ver:3.0
SN: 2238644000420",
0000-04-03-IT0036.CT2-CPO,"Cable Tester RJ45+RJ11
Model:  Master BS-468
SN: N/A",
0000-04-03-IT0086.H1-CPO,"Headphone, LOGITECH
Model:  H111
SN: N/A",
0000-04-03-IT0071.SP1-CPO,"Speaker, 
Model:  Neutron V-400 Mini Speaker
SN: N/A",
0000-04-03-IT0071.SP2-CPO,"Speaker, 
Model:  Neutron V-400 Mini Speaker
SN: N/A",
0000-04-03-IT0071.SP3-CPO,"Speaker, 
Model:  Neutron V-400 Mini Speaker
SN: N/A",
0000-04-03-IT0071.SP4-CPO,"Speaker, 
Model:  Neutron V-400 Mini Speaker
SN: N/A",
0000-04-03-IT0071.SP5-CPO,"Speaker, 
Model:  Neutron V-400 Mini Speaker
SN: N/A",
0000-04-03-IT0071.SP6-CPO,"Speaker, 
Model:  Neutron V-400 Mini Speaker
SN: N/A",
0000-04-03-IT0071.SP7-CPO,"Speaker, 
Model:  Neutron V-400 Mini Speaker
SN: N/A",
0000-04-03-IT0071.SP8-CPO,"Speaker, 
Model:  Neutron V-400 Mini Speaker
SN: N/A",
0000-04-03-IT0071.SP9-CPO,"Speaker, 
Model:  Neutron V-400 Mini Speaker
SN: N/A",
0000-04-03-IT0071.SP10-CPO,"Speaker, 
Model:  Neutron V-400 Mini Speaker
SN: N/A",
0000-04-03-IT0071.SP11-CPO,"Speaker, 
Model:  Neutron V-400 Mini Speaker
SN: N/A",
0000-04-03-IT0071.SP12-CPO,"Speaker, 
Model:  Neutron V-400 Mini Speaker
SN: N/A",
0000-04-03-IT0071.SP13-CPO,"Speaker, 
Model:  Neutron V-400 Mini Speaker
SN: N/A",
0000-04-03-IT0071.SP14-CPO,"Speaker, 
Model:  Neutron V-400 Mini Speaker
SN: N/A",
0000-04-03-IT0071.SP15-CPO,"Speaker, 
Model:  Neutron V-400 Mini Speaker
SN: N/A",
0000-04-03-IT0071.SP16-CPO,"Speaker, 
Model:  Neutron V-400 Mini Speaker
SN: N/A",
0000-04-03-IT0071.SP17-CPO,"Speaker, 
Model:  Neutron V-400 Mini Speaker
SN: N/A",
0000-04-03-IT0071.SP18-CPO,"Speaker, 
Model:  Neutron V-400 Mini Speaker
SN: N/A",
0000-04-03-IT0071.SP19-CPO,"Speaker, 
Model:  Neutron V-400 Mini Speaker
SN: N/A",
0000-04-03-IT0071.SP20-CPO,"Speaker, 
Model:  Neutron V-400 Mini Speaker
SN: N/A",
0000-04-03-IT0071.SP21-CPO,"Speaker, 
Model:  Neutron V-400 Mini Speaker
SN: N/A",
0000-04-03-IT0071.SP22-CPO,"Speaker, 
Model:  Neutron V-400 Mini Speaker
SN: N/A",
0000-04-03-IT0071.SP23-CPO,"Speaker, 
Model:  Neutron V-400 Mini Speaker
SN: N/A",
0000-04-03-IT0071.SP24-CPO,"Speaker, 
Model:  Neutron V-400 Mini Speaker
SN: N/A",
0000-04-03-IT0071.SP25-CPO,"Speaker, 
Model:  Neutron V-400 Mini Speaker
SN: N/A",
0000-04-03-IT0071.SP26-CPO,"Speaker, 
Model:  Neutron V-400 Mini Speaker
SN: N/A",
0000-04-03-IT0071.SP27-CPO,"Speaker, 
Model:  Neutron V-400 Mini Speaker
SN: N/A",
0000-04-03-IT0071.SP28-CPO,"Speaker, 
Model:  Neutron V-400 Mini Speaker
SN: N/A",
0000-04-03-IT0071.SP29-CPO,"Speaker, 
Model:  Neutron V-400 Mini Speaker
SN: N/A",
0000-04-03-IT0032.R9-CPO,"Wireless N 4G LTE Router, TP-Link
Model: TL-MR6400
SN: 216C088001571",
0000-04-03-IT0102.AP5-CPO,"Wireless Access Point, TP-Link
Model:  EAP225-Outdoor(US) Ver:3.0
SN: 2236456002027",
0000-04-03-IT0087.R10-CPO,"Router, STARLINK
Model:  UTR-211
SN: WAWC01126793",
0000-04-03-IT0087.R11-CPO,"Router, STARLINK
Model:  UTR-211
SN: WAWC00966342",
0000-04-03-IT0102.AP6-CPO,"Wireless Access Point, TP-Link
Model:  EAP225-Outdoor(US) Ver:3.0
SN: 2238644000411",
0000-04-03-IT0103.HC2-CPO,"Omada Hardware Controller, TP-Link
Model:  OC200
SN: 22373L4000639",
0000-04-03-IT0100.R12-CPO,"Omada Gigabit VPN Gateway, TP-Link
Model:  ER605(UN)
SN: 2238251003944",
0000-04-03-IT0101.SW4-CPO,"10-Port Gigabit Smart Switch with 8-Port PoE+, TP-Link
Model:  SG2210P(UN)
SN: 22382K8002531",
0000-04-03-IT0103.HC3-CPO,"Omada Hardware Controller, TP-Link
Model:  OC200
SN: 22385J4004888",
0000-04-03-IT0100.R13-CPO,"Omada Gigabit VPN Gateway, TP-Link
Model:  ER605(UN)
SN: 2238251000974",
0000-04-03-IT0101.SW5-CPO,"10-Port Gigabit Smart Switch with 8-Port PoE+, TP-Link
Model:  SG2210P(UN)
SN: 22380E2004307",
0000-04-03-IT0087.R14-CPO,"Router, STARLINK
Model:  UTR-211
SN: WAWC01008807",
0000-04-03-IT0102.AP7-CPO,"Wireless Access Point, TP-Link
Model:  EAP225-Outdoor(US) Ver:3.0
SN: 2236456002031",
0000-04-03-IT0103.HC4-CPO,"Omada Hardware Controller, TP-Link
Model:  OC200
SN: 22385j4003775",
0000-04-03-IT0100.R15-CPO,"Omada Gigabit VPN Gateway, TP-Link
Model:  ER605(UN)
SN: 2238251004558",
0000-04-03-IT0101.SW6-CPO,"10-Port Gigabit Smart Switch with 8-Port PoE+, TP-Link
Model:  SG2210P(UN)
SN: 22382K8002428",
0000-04-03-IT020.DT14.B-CPO,"Monitor, Gaming Monitor Gamdias
Model: ATLAS VH22F
SN: VH22F02212300891",
0000-04-03-IT0100.R16-CPO,"Omada Gigabit VPN Gateway, TP-Link
Model:  ER605(UN)
SN: 222B2A6001279",
0000-04-03-IT0105.R17-CPO,"Load Balancer Broadband Router, TP-Link
Model:  TL-R470T+
SN: 22380C1001185",
0000-04-03-IT0100.R18-CPO,"Omada Gigabit VPN Gateway, TP-Link
Model:  ER605(UN)
SN: 222B2A6001614",
0000-04-03-IT0105.R19-CPO,"Load Balancer Broadband Router, TP-Link
Model:  TL-R470T+
SN: 2237315000355",
0000-04-03-IT0106.AP8-CPO,"Wireless Access Point, BelAir
Model:  BelAir20E0
SN: BA142400304",
0000-04-03-IT0106.AP9-CPO,"Wireless Access Point, BelAir
Model:  BelAir20E0
SN: BA134601316",
0000-04-03-IT0106.AP10-CPO,"Wireless Access Point, BelAir
Model:  BelAir20E0
SN: BA134600805",
0000-04-03-IT0094.UPS6-CPO,"UPS, Secure UPS-650VA
SN: 310026736D69894901433",
0000-04-03-IT0094.UPS7-CPO,"UPS, Secure UPS-650VA
SN: 310026736D69894900915",
0000-04-03-IT0092.UPS8-CPO,"UPS, AWP (AID1000-1000VA)
SN: E2305074885",
0000-04-03-IT0092.UPS9-CPO,"UPS, AWP (AID1000-1000VA)
SN: E2305106311",
0000-04-03-IT0094.UPS10-CPO,"UPS, Secure UPS-650VA
SN: 310026736D69894900913",
0000-04-03-IT0094.UPS11-CPO,"UPS, Secure UPS-650VA
SN: 310026736D69894901707",
0000-04-03-IT0092.UPS12-CPO,"UPS, AWP (AID1000-1000VA)
SN: E2305074857",
0000-04-03-IT0094.UPS13-CPO,"UPS, Secure UPS-650VA
SN: 310026736D69894901365",
0000-04-03-IT0102.AP11-CPO,"Wireless Access Point, TP-Link
Model:  EAP225-Outdoor(US) Ver:3.0
SN: 2197094000097",
0000-04-03-IT0107.HDD1-CPO,"HDD, Western Digital SATA 1TB
Model:  WD10PURZ
SN: WCC4J8TW6PX5",
0000-04-03-IT0087.R20-CPO,"Starlink Router, UTR-211
SN: WAWC01008807",
0000-04-03-IT0087.R21-CPO,"Starlink Router, UTR-211
SN: WAWC00852037",
0000-04-03-IT0087.R22-CPO,"Starlink Router, UTR-211
SN: WAWC01175826",
0000-04-03-IT0087.R23-CPO,"Starlink Router, UTR-211
SN: WAWC01126400",
0000-04-03-IT0087.R24-CPO,"Starlink Router, UTR-211
SN: WAWC00887096",
0000-04-03-IT0100.R25-CPO,"Omada Gigabit VPN Gateway, TP-Link
Model:  ER605(UN)
SN: 2238251004011",
0000-04-03-IT0103.HC5-CPO,"Omada Hardware Controller, TP-Link
Model:  OC200
SN: 22385J4004038",
0000-04-03-IT0100.R26-CPO,"Omada Gigabit VPN Gateway, TP-Link
Model:  ER605(UN)
SN: 2238251000027",
0000-04-03-IT0101.SW7-CPO,"10-Port Gigabit Smart Switch with 8-Port PoE+, TP-Link
Model:  SG2210P(UN)
SN: 22380E2004334",
0000-04-03-IT0103.HC6-CPO,"Omada Hardware Controller, TP-Link
Model:  OC200
SN: 22385J4003776",
0000-04-03-IT0100.R27-CPO,"Omada Gigabit VPN Gateway, TP-Link
Model:  ER605(UN)
SN: 2238251004847",
0000-04-99-OtE038.PT2-CPO,"Pen Tablet (CTL-672), One by Wacom
SN: 2DA00M1033603",
0000-04-03-IT0101.SW8-CPO,"10-Port Gigabit Smart Switch with 8-Port PoE+, TP-Link
Model:  SG2210P(UN)
SN: 22380E2005337",
0000-04-03-IT0103.HC7-CPO,"Omada Hardware Controller, TP-Link
Model:  OC200
SN: 22385J4003778",
0000-04-03-IT0100.R28-CPO,"Omada Gigabit VPN Gateway, TP-Link
Model:  ER605(UN)
SN: 2238251003887",
0000-04-03-IT0101.SW9-CPO,"10-Port Gigabit Smart Switch with 8-Port PoE+, TP-Link
Model:  SG2210P(UN)
SN: 22382K8002618",
0000-04-03-IT0103.HC8-CPO,"Omada Hardware Controller, TP-Link
Model:  OC200
SN: 22385J4003871",
0000-04-03-IT0101.SW10-CPO,"5-Port Gigabit Desktop Switch with 4-Port PoE+, TP-Link
Model:  TL-SG1005P
SN: 2235272002158",
2024-04-03-IT0070.AVR8-CPO,"Automatic Voltage Regulator
Model: SVC-5000VA",
2024-04-03-IT0070.AVR9-CPO,"Automatic Voltage Regulator
Model: SVC-5000VA",
0000-04-03-IT0042.PJ2-CPO,"Projector,
Model: INFOCUS IN113AA P13
SN: CMWJ24401171",
0000-04-03-IT0086.H2-CPO,"Headphone, LOGITECH
Model:  H111
SN: N/A",
0000-04-03-IT0076.PJ3-CPO,"Projector, Acer P1287
Model: DNX1403
SN: MRJL411007634010215900",
0000-04-03-IT0102.AP12-CPO,"Wireless Access Point, TP-Link
Model:  EAP225-Outdoor(US) Ver:3.0
SN: 2238644000048",
0000-04-03-IT0102.AP13-CPO,"Wireless Access Point, TP-Link
Model:  EAP225-Outdoor(US) Ver:3.0
SN: 2238644000401",
0000-04-03-IT0102.AP14-CPO,"Wireless Access Point, TP-Link
Model:  EAP225-Outdoor(US) Ver:3.0
SN: 2238644000044",
0000-04-03-IT0102.AP15-CPO,"Wireless Access Point, TP-Link
Model:  EAP225-Outdoor(US) Ver:3.0
SN: 2238644000405",
2024-04-03-IT0035.WC1-CPO,"Computer Webcam
GSOU T16S-LED 2MP 1080P Full-HD wide angle/no distortion webcam w/mic",
2024-04-03-IT0035.WC2-CPO,"Computer Webcam
GSOU T16S-LED 2MP 1080P Full-HD wide angle/no distortion webcam w/mic",
2024-04-03-IT0035.WC3-CPO,"Computer Webcam
GSOU T16S-LED 2MP 1080P Full-HD wide angle/no distortion webcam w/mic",
2024-04-03-IT0035.WC4-CPO,"Computer Webcam
GSOU T16S-LED 2MP 1080P Full-HD wide angle/no distortion webcam w/mic",
2024-04-03-IT0035.WC5-CPO,"Computer Webcam
GSOU T16S-LED 2MP 1080P Full-HD wide angle/no distortion webcam w/mic",
2024-04-03-IT0035.WC6-CPO,"Computer Webcam
GSOU T16S-LED 2MP 1080P Full-HD wide angle/no distortion webcam w/mic",
2024-04-03-IT0035.WC7-CPO,"Computer Webcam
GSOU T16S-LED 2MP 1080P Full-HD wide angle/no distortion webcam w/mic",
2024-04-03-IT0035.WC8-CPO,"Computer Webcam
GSOU T16S-LED 2MP 1080P Full-HD wide angle/no distortion webcam w/mic",
2024-04-03-IT0035.WC9-CPO,"Computer Webcam
GSOU T16S-LED 2MP 1080P Full-HD wide angle/no distortion webcam w/mic",
2024-04-03-IT0035.WC10-CPO,"Computer Webcam
GSOU T16S-LED 2MP 1080P Full-HD wide angle/no distortion webcam w/mic",
2024-04-03-IT0035.WC11-CPO,"Computer Webcam
GSOU T16S-LED 2MP 1080P Full-HD wide angle/no distortion webcam w/mic",
2024-04-03-IT0035.WC12-CPO,"Computer Webcam
GSOU T16S-LED 2MP 1080P Full-HD wide angle/no distortion webcam w/mic",
2024-04-03-IT0035.WC13-CPO,"Computer Webcam
GSOU T16S-LED 2MP 1080P Full-HD wide angle/no distortion webcam w/mic",
2024-04-03-IT0035.WC14-CPO,"Computer Webcam
GSOU T16S-LED 2MP 1080P Full-HD wide angle/no distortion webcam w/mic",
2024-04-03-IT0035.WC15-CPO,"Computer Webcam
GSOU T16S-LED 2MP 1080P Full-HD wide angle/no distortion webcam w/mic",
2024-04-03-IT0035.WC16-CPO,"Computer Webcam
GSOU T16S-LED 2MP 1080P Full-HD wide angle/no distortion webcam w/mic",
2024-04-03-IT0035.WC17-CPO,"Computer Webcam
GSOU T16S-LED 2MP 1080P Full-HD wide angle/no distortion webcam w/mic",
2024-04-03-IT0035.WC18-CPO,"Computer Webcam
GSOU T16S-LED 2MP 1080P Full-HD wide angle/no distortion webcam w/mic",
2024-04-03-IT0035.WC19-CPO,"Computer Webcam
GSOU T16S-LED 2MP 1080P Full-HD wide angle/no distortion webcam w/mic",
2024-04-03-IT0035.WC20-CPO,"Computer Webcam
GSOU T16S-LED 2MP 1080P Full-HD wide angle/no distortion webcam w/mic",
2024-04-03-IT0035.WC21-CPO,"Computer Webcam
GSOU T16S-LED 2MP 1080P Full-HD wide angle/no distortion webcam w/mic",
2024-04-03-IT0035.WC22-CPO,"Computer Webcam
GSOU T16S-LED 2MP 1080P Full-HD wide angle/no distortion webcam w/mic",
2024-04-03-IT0035.WC23-CPO,"Computer Webcam
GSOU T16S-LED 2MP 1080P Full-HD wide angle/no distortion webcam w/mic",
2024-04-03-IT0035.WC24-CPO,"Computer Webcam
GSOU T16S-LED 2MP 1080P Full-HD wide angle/no distortion webcam w/mic",
0000-04-03-IT0053.WC25-CPO,"Web Camera, 
QUANTUM QHM495LM",
0000-04-03-IT0053.WC26-CPO,"Web Camera, 
QUANTUM QHM495LM",
0000-04-03-IT0053.WC27-CPO,"Web Camera, 
QUANTUM QHM495LM",
0000-04-03-IT0053.WC28-CPO,"Web Camera, 
QUANTUM QHM495LM",
0000-04-03-IT0053.WC29-CPO,"Web Camera, 
QUANTUM QHM495LM",
0000-04-03-IT0053.WC30-CPO,"Web Camera, 
QUANTUM QHM495LM",
0000-04-03-IT0053.WC31-CPO,"Web Camera, 
QUANTUM QHM495LM",
0000-04-03-IT0053.WC32-CPO,"Web Camera, 
QUANTUM QHM495LM",
0000-04-03-IT0053.WC33-CPO,"Web Camera, 
QUANTUM QHM495LM",
0000-04-03-IT0053.WC34-CPO,"Web Camera, 
QUANTUM QHM495LM",
0000-04-03-IT0053.WC35-CPO,"Web Camera, 
QUANTUM QHM495LM",
0000-04-03-IT0053.WC36-CPO,"Web Camera, 
QUANTUM QHM495LM",
0000-04-03-IT0053.WC37-CPO,"Web Camera, 
QUANTUM QHM495LM",
0000-04-03-IT0053.WC-38-CPO,"Web Camera, 
QUANTUM QHM495LM",
0000-04-03-IT0053.WC39-CPO,"Web Camera, 
QUANTUM QHM495LM",
0000-04-03-IT0053.WC40-CPO,"Web Camera, 
QUANTUM QHM495LM",
0000-04-03-IT0053.WC41-CPO,"Web Camera, 
QUANTUM QHM495LM",
0000-04-03-IT0053.WC42-CPO,"Web Camera, 
QUANTUM QHM495LM",
0000-04-03-IT0053.WC43-CPO,"Web Camera, 
QUANTUM QHM495LM",
0000-04-03-IT0053.WC44-CPO,"Web Camera, 
QUANTUM QHM495LM",
0000-04-03-IT0053.WC45-CPO,"Web Camera, 
QUANTUM QHM495LM",
0000-04-03-IT0053.WC46-CPO,"Web Camera, 
QUANTUM QHM495LM",
0000-04-03-IT0053.WC47-CPO,"Web Camera, 
QUANTUM QHM495LM",
0000-04-03-IT0053.WC48-CPO,"Web Camera, 
QUANTUM QHM495LM",
0000-04-03-IT0053.WC49-CPO,"Web Camera, 
QUANTUM QHM495LM",
0000-04-03-IT0053.WC50-CPO,"Web Camera, 
QUANTUM QHM495LM",
0000-04-03-IT0053.WC51-CPO,"Web Camera, 
QUANTUM QHM495LM",
0000-04-03-IT0053.WC52-CPO,"Web Camera, 
QUANTUM QHM495LM",
0000-04-03-IT0053.WC53-CPO,"Web Camera, 
QUANTUM QHM495LM",
0000-04-03-IT0092.UPS14-CPO,"Desktop, UPS, AWP (AID1000-1000VA)
SN: E2305009044",
0000-04-03-IT0093.UPS15-CPO,"Desktop, UPS, APC(BVX1200LI-MS)
SN: 9B2335A00883",
0000-04-03-IT020.DT2.D-CPO,"Keyboard, A4TECH
Model: KRS-85
SN: 23SAN00",
0000-04-03-IT020.DT3.D-CPO,"Keyboard, A4TECH
Model: KRS-85
SN: 23SAN00",
0000-04-03-IT020.DT4.D-CPO,"Keyboard, A4TECH
Model: KRS-85
SN: 23SAN00",
0000-04-03-IT020.DT5.D-CPO,"Keyboard, A4TECH
Model: KRS-85
SN: 23SAN00",
0000-04-03-IT020.DT6.D-CPO,"Keyboard, A4TECH
Model: KRS-85
SN: 23SAN00",
0000-04-03-IT020.DT7.D-CPO,"Keyboard, A4TECH
Model: KRS-85
SN: 23SAN00",
0000-04-03-IT020.DT8.D-CPO,"Keyboard, A4TECH
Model: KRS-85
SN: 23SAN00",
0000-04-03-IT020.DT9.D-CPO,"Keyboard, A4TECH
Model: KRS-85
SN: 23SAN00",
0000-04-03-IT020.DT10.D-CPO,"Keyboard, A4TECH
Model: KRS-85
SN: 23SAN00",
0000-04-03-IT020.DT11.D-CPO,"Keyboard, A4TECH
Model: KRS-85
SN: 23SAN00",
0000-04-03-IT020.DT12.D-CPO,"Keyboard, A4TECH
Model: KRS-85
SN: 23SAN00",
0000-04-03-IT020.DT13.D-CPO,"Keyboard, A4TECH
Model: KRS-85
SN: 23SAN00",
0000-04-03-IT020.DT14.D-CPO,"Keyboard, A4TECH
Model: KRS-85
SN: 23SAN00",
0000-04-03-IT020.DT15.D-CPO,"Keyboard, A4TECH
Model: KRS-85
SN: 23SAN00",
0000-04-03-IT020.DT16.D-CPO,"Keyboard, A4TECH
Model: KRS-85
SN: 23SAN00",
0000-04-03-IT020.DT17.D-CPO,"Keyboard, A4TECH
Model: KRS-85
SN: 23SAN00",
0000-04-03-IT020.DT18.D-CPO,"Keyboard, A4TECH
Model: KRS-85
SN: 23SAN00",
0000-04-03-IT020.DT19.D-CPO,"Keyboard, A4TECH
Model: KRS-85
SN: 23SAN00",
0000-04-03-IT020.DT20.D-CPO,"Keyboard, A4TECH
Model: KRS-85
SN: 23SAN00",
0000-04-03-IT020.DT21.D-CPO,"Keyboard, A4TECH
Model: KRS-85
SN: 23SAN00",
0000-04-03-IT020.DT22.D-CPO,"Keyboard, A4TECH
Model: KRS-85
SN: 23SAN00",
0000-04-03-IT020.DT23.D-CPO,"Keyboard, A4TECH
Model: KRS-85
SN: 23SAN00",
0000-04-03-IT020.DT24.D-CPO,"Keyboard, A4TECH
Model: KRS-85
SN: 23SAN00",
0000-04-03-IT020.DT25.D-CPO,"Keyboard, A4TECH
Model: KRS-85
SN: 23SAN00",
0000-04-03-IT020.DT26.D-CPO,"Keyboard, A4TECH
Model: KRS-85
SN: 23SAN00",
0000-04-03-IT020.DT27.D-CPO,"Keyboard, A4TECH
Model: KRS-85
SN: 23SAN00",
0000-04-03-IT020.DT28.D-CPO,"Keyboard, A4TECH
Model: KRS-85
SN: 23SAN00",
0000-04-03-IT020.DT29.D-CPO,"Keyboard, A4TECH
Model: KRS-85
SN: 23SAN00",
0000-04-03-IT020.DT30.D-CPO,"Keyboard, A4TECH
Model: KRS-85
SN: 23SAN00",
,"Omada Cloud Controller, TP-link
SN: 22070M8000921",
,"300Mbps Wireless N 4G LTE Router, TP-link
SN: 219A376001661",
,"8-Port Gigabit Easy Smart Switch with 4- Port PoE+, TP-link
SN: 220A3H7001129",
,"Omada Gigabit, TP-link",
,"Webcam, A1tech",
,"CCTV/SET, SAMSUNG MONITOR
SN: OL4UHTR200114D",
,"DVR, HIK VISION",
,"CAMERA, BULLET",
,"CAMERA, BULLET",
,"CAMERA, BULLET",
,"CAMERA, BULLET",
,"TABLET, FLARE ,CHERRY",
,"PORTABLE KIT,  CANON LK-G2",
,"WIFI CONNECTION, RUIJE/WIFI",
,"PROJECTOR, ACER, P1287
SN: 634004129559",
,"ROUTER BOARD, LHG KIT 
SN: 9CB903C73303",
,"Automatic Voltage Regulator
Secure SVC 5KVA",
,"Automatic Voltage Regulator
Secure SVC 5KVA",
,"Monitor
GAMDIAS Monitor Atlas QHD27FIC 27"""" 180Hz IPS 2560x1440 Flat Wall Bracket: Yes HDMI2.0 x 2 + DP 1.4 x 2 + Audio out
SN: NCEU82103B15630591",
,"UPS
APC BVX1200LI-MS Back up 1200VA UPS with Built-in AVR 650watts, 1IEC-C13 Outlet, 4 universal socket, No Software, GL-Fuse Type
SN: 9B2335A00883",
,"Computer Webcam
GSOU T16S-LED 2MP 1080P Full-HD wide angle/no distortion webcam w/mic",
,"Computer Webcam
GSOU T16S-LED 2MP 1080P Full-HD wide angle/no distortion webcam w/mic",
,"Computer Webcam
GSOU T16S-LED 2MP 1080P Full-HD wide angle/no distortion webcam w/mic",
,"Computer Webcam
GSOU T16S-LED 2MP 1080P Full-HD wide angle/no distortion webcam w/mic",
,"Computer Webcam
GSOU T16S-LED 2MP 1080P Full-HD wide angle/no distortion webcam w/mic",
,"Computer Webcam
GSOU T16S-LED 2MP 1080P Full-HD wide angle/no distortion webcam w/mic",
,"Computer Webcam
GSOU T16S-LED 2MP 1080P Full-HD wide angle/no distortion webcam w/mic",
,"Computer Webcam
GSOU T16S-LED 2MP 1080P Full-HD wide angle/no distortion webcam w/mic",
,"Computer Webcam
GSOU T16S-LED 2MP 1080P Full-HD wide angle/no distortion webcam w/mic",
,"Computer Webcam
GSOU T16S-LED 2MP 1080P Full-HD wide angle/no distortion webcam w/mic",
,"Computer Webcam
GSOU T16S-LED 2MP 1080P Full-HD wide angle/no distortion webcam w/mic",
,"Computer Webcam
GSOU T16S-LED 2MP 1080P Full-HD wide angle/no distortion webcam w/mic",
,"Computer Webcam
GSOU T16S-LED 2MP 1080P Full-HD wide angle/no distortion webcam w/mic",
,"Computer Webcam
GSOU T16S-LED 2MP 1080P Full-HD wide angle/no distortion webcam w/mic",
,"Computer Webcam
GSOU T16S-LED 2MP 1080P Full-HD wide angle/no distortion webcam w/mic",
,"Computer Webcam
GSOU T16S-LED 2MP 1080P Full-HD wide angle/no distortion webcam w/mic",
,"Computer Webcam
GSOU T16S-LED 2MP 1080P Full-HD wide angle/no distortion webcam w/mic",
,"Computer Webcam
GSOU T16S-LED 2MP 1080P Full-HD wide angle/no distortion webcam w/mic",
,"Computer Webcam
GSOU T16S-LED 2MP 1080P Full-HD wide angle/no distortion webcam w/mic",
,"Computer Webcam
GSOU T16S-LED 2MP 1080P Full-HD wide angle/no distortion webcam w/mic",
,"Computer Webcam
GSOU T16S-LED 2MP 1080P Full-HD wide angle/no distortion webcam w/mic",
,"Computer Webcam
GSOU T16S-LED 2MP 1080P Full-HD wide angle/no distortion webcam w/mic",
,"Computer Webcam
GSOU T16S-LED 2MP 1080P Full-HD wide angle/no distortion webcam w/mic",
,"Computer Webcam
GSOU T16S-LED 2MP 1080P Full-HD wide angle/no distortion webcam w/mic",
,"Computer Webcam
GSOU T16S-LED 2MP 1080P Full-HD wide angle/no distortion webcam w/mic",
,"Computer Webcam
GSOU T16S-LED 2MP 1080P Full-HD wide angle/no distortion webcam w/mic",
,"Computer Webcam
GSOU T16S-LED 2MP 1080P Full-HD wide angle/no distortion webcam w/mic",
,"Computer Webcam
GSOU T16S-LED 2MP 1080P Full-HD wide angle/no distortion webcam w/mic",
,"Computer Webcam
GSOU T16S-LED 2MP 1080P Full-HD wide angle/no distortion webcam w/mic",
,"Computer Webcam
GSOU T16S-LED 2MP 1080P Full-HD wide angle/no distortion webcam w/mic",
,"Bluetooth and Wifi Dongle
TP-Link Archer T2UB Nano AC600 Nano Wi-Fi Bluetooth 4.2 USB",
,"Bluetooth and Wifi Dongle
TP-Link Archer T2UB Nano AC600 Nano Wi-Fi Bluetooth 4.2 USB",
,"Bluetooth and Wifi Dongle
TP-Link Archer T2UB Nano AC600 Nano Wi-Fi Bluetooth 4.2 USB",
,"Bluetooth and Wifi Dongle
TP-Link Archer T2UB Nano AC600 Nano Wi-Fi Bluetooth 4.2 USB",
,"Bluetooth and Wifi Dongle
TP-Link Archer T2UB Nano AC600 Nano Wi-Fi Bluetooth 4.2 USB",
,"Bluetooth and Wifi Dongle
TP-Link Archer T2UB Nano AC600 Nano Wi-Fi Bluetooth 4.2 USB",
,"Bluetooth and Wifi Dongle
TP-Link Archer T2UB Nano AC600 Nano Wi-Fi Bluetooth 4.2 USB",
,"Bluetooth and Wifi Dongle
TP-Link Archer T2UB Nano AC600 Nano Wi-Fi Bluetooth 4.2 USB",
,"Bluetooth and Wifi Dongle
TP-Link Archer T2UB Nano AC600 Nano Wi-Fi Bluetooth 4.2 USB",
,"Bluetooth and Wifi Dongle
TP-Link Archer T2UB Nano AC600 Nano Wi-Fi Bluetooth 4.2 USB",
,"Bluetooth and Wifi Dongle
TP-Link Archer T2UB Nano AC600 Nano Wi-Fi Bluetooth 4.2 USB",
,"Bluetooth and Wifi Dongle
TP-Link Archer T2UB Nano AC600 Nano Wi-Fi Bluetooth 4.2 USB",
,"Bluetooth and Wifi Dongle
TP-Link Archer T2UB Nano AC600 Nano Wi-Fi Bluetooth 4.2 USB",
,"Bluetooth and Wifi Dongle
TP-Link Archer T2UB Nano AC600 Nano Wi-Fi Bluetooth 4.2 USB",
,"Bluetooth and Wifi Dongle
TP-Link Archer T2UB Nano AC600 Nano Wi-Fi Bluetooth 4.2 USB",
,"Bluetooth and Wifi Dongle
TP-Link Archer T2UB Nano AC600 Nano Wi-Fi Bluetooth 4.2 USB",
,"Bluetooth and Wifi Dongle
TP-Link Archer T2UB Nano AC600 Nano Wi-Fi Bluetooth 4.2 USB",
,"Bluetooth and Wifi Dongle
TP-Link Archer T2UB Nano AC600 Nano Wi-Fi Bluetooth 4.2 USB",
,"Bluetooth and Wifi Dongle
TP-Link Archer T2UB Nano AC600 Nano Wi-Fi Bluetooth 4.2 USB",
,"Bluetooth and Wifi Dongle
TP-Link Archer T2UB Nano AC600 Nano Wi-Fi Bluetooth 4.2 USB",
,"Bluetooth and Wifi Dongle
TP-Link Archer T2UB Nano AC600 Nano Wi-Fi Bluetooth 4.2 USB",
,"Bluetooth and Wifi Dongle
TP-Link Archer T2UB Nano AC600 Nano Wi-Fi Bluetooth 4.2 USB",
,"Bluetooth and Wifi Dongle
TP-Link Archer T2UB Nano AC600 Nano Wi-Fi Bluetooth 4.2 USB",
,"Bluetooth and Wifi Dongle
TP-Link Archer T2UB Nano AC600 Nano Wi-Fi Bluetooth 4.2 USB",
,"Bluetooth and Wifi Dongle
TP-Link Archer T2UB Nano AC600 Nano Wi-Fi Bluetooth 4.2 USB",
,"Bluetooth and Wifi Dongle
TP-Link Archer T2UB Nano AC600 Nano Wi-Fi Bluetooth 4.2 USB",
,"Bluetooth and Wifi Dongle
TP-Link Archer T2UB Nano AC600 Nano Wi-Fi Bluetooth 4.2 USB",
,"Bluetooth and Wifi Dongle
TP-Link Archer T2UB Nano AC600 Nano Wi-Fi Bluetooth 4.2 USB",
,"Bluetooth and Wifi Dongle
TP-Link Archer T2UB Nano AC600 Nano Wi-Fi Bluetooth 4.2 USB",
,"Bluetooth and Wifi Dongle
TP-Link Archer T2UB Nano AC600 Nano Wi-Fi Bluetooth 4.2 USB",
,"Wireless Mouse
Logitech M185 Wireless Mouse Swift",
,"Wireless Mouse
Logitech M185 Wireless Mouse Swift",
,"Wireless Mouse
Logitech M185 Wireless Mouse Swift",
,"Wireless Mouse
Logitech M185 Wireless Mouse Swift",
,"Wireless Mouse
Logitech M185 Wireless Mouse Swift",
,"Wireless Mouse
Logitech M185 Wireless Mouse Swift",
,"Wireless Mouse
Logitech M185 Wireless Mouse Swift",
,"HDMI 2.0V Cable
Vention 4k HDMI 2.0 Cable High Speed 18Gbps supports 4k 60Hz - 5M",
,"HDMI 2.0V Cable
Vention 4k HDMI 2.0 Cable High Speed 18Gbps supports 4k 60Hz - 5M",
,"HDMI 2.0V Cable
Vention 4k HDMI 2.0 Cable High Speed 18Gbps supports 4k 60Hz - 5M",
,"HDMI 2.0V Cable
Vention 4k HDMI 2.0 Cable High Speed 18Gbps supports 4k 60Hz - 5M",
,"Noise Canceling Headphones
INPLAY HN620 HEADSET with Noise Cancellation",
,"Noise Canceling Headphones
INPLAY HN620 HEADSET with Noise Cancellation",
2024-05-03-IT0007.P5-TOD,"Bambu  Lab P1S Combo
3D Printer
Serial Nos.
02L09C4A1200436",
0000-04-02-OE005.CAM1-CPO,"DSLR Camera
EOS 1500D (W) w/18-55 IS II
SN: 912729C00692AA21798077004326",
0000-04-02-OE020.EF1-CPO,"Electric Fan, Stand fan Camel SIF-16
SN: CEF-V0625892",
0000-04-99-OtE014.B1-CPO,ZKTeco K30 Pro Fingerprint Time Attendance Device,
0000-04-02-OE023.S1-CPO,"Speaker, Platinum TR12D (PTTS-12TD)
SN: 9180424006727",
0000-04-02-OE024.TV1-CPO,"Television, TCL 32D2900 32""
SN: 1803AFY134673B00103",
0000-04-02-OE025.AC1-CPO,"Air Condition, Mabe MEI12VR (1.5hp)
Window Type
SN: MWAA12000702160615053555",
0000-04-01-FF0026.WB1-CPO,"Window Blinds 132cm
Color: White",
0000-04-01-FF0026.WB2-CPO,"Window Blinds 132cm
Color: White",
0000-04-01-FF0026.WB3-CPO,"Window Blinds 132cm
Color: White",
0000-04-02-OE014.TV2-CPO,"Television, Samsung (ED32D)
SN: 0L4UHTRH200114D",
0000-04-99-OtE023.MO1-CPO,"Microwave Oven, Fujidenzo
Model: MM-22 BL
SN: MM2220210601064",
0000-04-02-OE006.RG1-CPO,"Refrigerator, Markes Two Door Personal Refrigerator
4.3cu.ft.
Model: MRT-122SLH
S/N: MRT-122SLH20J0199",
0000-04-03-IT0072.PJ1-CPO,"Portable C200 LED Projector
Brand/Model: Acer  CWV1733
SN: MRJQC1100690700B065900",
0000-04-02-OE015.WD1-CPO,"Water Dispenser, Everest (ETWD1170)
SN: WD1170BI80322",
0000-04-99-OtE022.CM1-CPO,"Coffee Maker, Union UGCM-100
SN: 042021-00504",
0000-04-02-OE016.EF2-CPO,"Electric Fan, Stand fan, NIKON
Model: NSF16-3DLAS
SN: EF-0531220058",
0000-04-02-OE016.EF3-CPO,"Electric Fan, Stand fan, NIKON
Model: NSF16-3DLAS
SN: EF-0531220116",
0000-04-99-OtE012.G2-CPO,"Portable Generator Set
NORTON PGi800c
Engine Model: 1E45F
SN: 131200221",
0000-04-99-OtE012.G3-CPO,"Portable Generator Set
NORTON PGi800c
Engine Model: 1E45F
SN: 131200451",
0000-04-99-OtE012.G4-CPO,"Portable Generator Set
NORTON PGi800c
Engine Model: 1E45F
SN: 131200384",
0000-04-99-OtE012.G5-CPO,"Portable Generator Set
NORTON PGi800c
Engine Model: 1E45F
SN: 131200200",
0000-04-99-OtE012.G6-CPO,"Portable Generator Set
NORTON PGi800c
Engine Model: 1E45F
SN: 131200087",
0000-04-99-OtE012.G7-CPO,"Portable Generator Set
NORTON PGi800c
Engine Model: 1E45F
SN: 131200485",
0000-04-99-OtE012.G8-CPO,"Portable Generator Set
NORTON PGi800c
Engine Model: 1E45F
SN: 131200440",
0000-04-99-OtE012.G9-CPO,"Portable Generator Set
NORTON PGi800c
Engine Model: 1E45F
SN: 131200327",
0000-04-01-FF0030.OT4-CPO,"Folding Table, Lifetime 4x2 ft. (White)
Model: Lifetime 
SN: N/A",
0000-04-01-FF0030.OT5-CPO,"Folding Table, 180 x 73 cm (White)
Model: N/A
SN: N/A",
0000-04-99-OtE009.G10-CPO,"Generator, FUJIHAMA
Model: KC6500E
SN: N/A",
0000-04-02-OE004.S2-CPO,"Portable Trolley Speaker, KONZERT
Model: PA-12
SN: 11210101037",
0000-04-02-OE026.AC2-CPO,"Air Condition, National
Model: CW-1805V
SN: N/A",
0000-04-02-OE027.AC3-CPO,"Air Condition, SHARP
Model: AF-T1017CM
SN: F1832040215",
0000-04-02-OE026.AC4-CPO,"Air Condition, National
Model: CW-1805V
SN: N/A",
0000-04-02-OE027.AC5-CPO,"Air Condition, SHARP
Model: AF-T1017CM
SN: P1832040032",
0000-04-02-OE026.AC6-CPO,"Air Condition, National
Model: CW-1805V
SN: N/A",
0000-04-02-OE027.AC7-CPO,"Air Condition, SHARP
Model: AF-T1017CM
SN: P1832040330",
0000-04-02-OE009.AC8-CPO,"Air Condition, Split Type TCL
Model: TAC-19CSD/KEI2
SN: 121202ANSCW41252P100671",
0000-04-02-OE026.AC9-CPO,"Air Condition, National
Model: CW-1803VPH
SN: N/A",
0000-04-01-FF0043.OT6-CPO,"Office Table, Wooden Table (W-62.5cm, L-97cm, H-80cm)",
0000-04-01-FF0043.OT7-CPO,"Wooden office table with 2 drawers
W-45cm, L-90cm, H-72cm",
0000-04-99-OtE013.EL1-CPO,"Automatic Emergency Light, RAE
Model: EL-001
SN: N/A",
0000-04-01-FF0046.Pd1-CPO,DICT Acrylic Podium,
0000-04-99-OtE025.BR1-CPO,"Barcode Scanner, Xprinter
Model: XP-7600
SN: 1312923020289",
0000-04-99-OtE025.BR2-CPO,"Barcode Scanner, Xprinter
Model: XP-7600
SN: 1312923020297",
0000-04-99-OtE025.BR3-CPO,"Barcode Scanner, Xprinter
Model: XP-7600
SN: 1312923020296",
0000-04-02-OE028.AC10-CPO,"Air Condition, Air Curtain
Model: Uni~Air AC-1200S
SN: A-0183",
0000-04-01-FF0026.WB4-CPO,"Window Blinds 132cm
Color: White",
0000-04-01-FF0026.WB5-CPO,"Window Blinds 132cm
Color: White",
0000-04-01-FF0026.WB6-CPO,"Window Blinds 132cm
Color: White",
0000-04-01-FF0026.WB7-CPO,"Window Blinds 132cm
Color: White",
0000-04-01-FF0026.WB8-CPO,"Window Blinds 132cm
Color: White",
0000-04-01-FF0026.WB9-CPO,"Window Blinds 193cm
Color: White",
0000-04-01-FF0026.WB10-CPO,"Window Blinds 193cm
Color: White",
0000-04-01-FF0026.WB11-CPO,"Window Blinds 193cm
Color: White",
0000-05-99-OtE034.CCTV1-CPO,"CCTV Camera, HIKVISION
Model: DS-2CE76D0T-EXIPF
SN: K96808309",
0000-05-99-OtE034.CCTV2-CPO,"CCTV Camera, HIKVISION
Model: DS-2CE76D0T-EXIPF
SN: K96808246",
0000-05-99-OtE034.CCTV3-CPO,"CCTV Camera, HIKVISION
Model: DS-2CE16D0T-IRPF
SN: L15834859",
0000-05-99-OtE034.CCTV4-CPO,"CCTV Camera, HIKVISION
Model: DS-2CE16D0T-IRPF
SN: L15834856",
0000-05-99-OtE033.PS1-CPO,"CCTV Power Supply-8 Channels, HIKVISION
Model: DS-2FA1205-C8(Phi)
SN: 30070201881",
0000-05-99-OtE043.VR1-CPO,"Digital Video Recorder, HIKVISION
Model: DS-7204HGHI-F1
SN: 773217873",
0000-04-02-OE027.AC11-CPO,"Air Condition, SHARP
Model: AF-T1017CM
SN: P1832040006",
0000-04-02-OE027.AC12-CPO,"Air Condition, SHARP
Model: AF-T1017CM
SN: C008262000721",
0000-04-02-OE029.AC13-CPO,"Air Condition, GE
Model: AF-T1017CM
SN: GACA41370102160616044674",
0000-04-02-OE029.AC14-CPO,"Air Condition, GE
Model: AF-T1017CM
SN: C005603540265",
0000-04-99-OtE041.SG1-CPO,"Staple Gun, Heavy Duty
Model: Hoyoma LM-2803
SN: N/A",
,"Samsung LED LFD
ED32D
SN: 0L4UHTRH200217",
,"FUJIDENZO Microwave Oven, MM-22 BL
SN: 340D228410116211701070",
,"Electric Fan, NIKON
SN: EF 0531220116",
,"Electric Fan, NIKON
SN: EF 0531220058",
,"Electric Fan, STAND FAN ""T""
SN: CEF-Q0077884",
,"Speaker, Platinum TR12D
SN: TR12DOY181200328",
,"Speaker, KonZert Audio Video Technology
SN: 11210101037",
,"AIRCON, MABE,WINDOW TYPE",
,"AIRCON, SHARP,INVERTER WINDOWTYPE",
,"AIRCON, MABE,INVERTER WINDOW TYPE
",
,"TV 42'', TCL
SN: 1803AFY134673B00103",
,"AIRCON, GE ,INVERTER WINDOW TYPE
",
,"AIRCON, GE ,INVERTER WINDOW TYPE
",
,"AIRCON, SHARP,WIDOW TYPE",
,"AIRCON, SHARP,WIDOW TYPE",
,"AIRCON, SHARP,WIDOW TYPE",
,"TV MONITOR, 32""
SAMSUNG MONITOR
SN: OL4UHTRH200217",
,"AIRCON, NATIONAL,WINDOW TYPE",
,"AIRCON, NATIONAL,WINDOW TYPE",
,"AIRCON, NATIONAL,WINDOW TYPE",
,"AIRCON, NATIONAL,WINDOW TYPE",
,"AIRCON, SHARP, WINDOW TYPE
SN: P1832040006",
,"AIRCON, UNI-AIR, SPLIT TYPE
SN: A-0183",
0000-04-99-OtE001.EW1-CPO,"Lotus, Extension Wire 25M - 220V
Model: LTEX25CR",
0000-04-99-OtE005.PC1-CPO,"Paper Cutter 15"" x 18""",
0000-04-99-OtE024.LAM1-CPO,"Laminating Machine, Comix
Model F9050
SN: F90500|1|2050420",
0000-04-99-OtE006.G1-CPO,"Gimbal: Zhiyun
SMOOTH 4
Model: SMA04
SN: 7750AD046000430",
0000-04-02-OE005.CAM1-CPO,"DSLR Camera, Canon EOS 1500D
2729C006[AA] GS1-128
SN: 798077004326",
0000-05-99-OtE003.PS1-CPO,"Portable Power Station, Bluetti (AC200P L)
SN: 17.0301. 1396-00A0",
0000-04-99-OtE017.FRT1-CPO,"Face Recognition Terminal HIKVISION 
SN:D65902865",
0000-04-99-OtE039.VSAT1-CPO,"VSAT Newtec 1.5W/2W Ka Band
SN: 935004240168",
0000-04-99-OtE012.G1-CPO,"Portable Generator Set
NORTON PGi800c
Engine Model: 1E45F
SN: 131200109",
0000-04-99-OtE026.L1-CPO,"Ladder, Telescopic/Extension Ladder
Model: KRUGER Aluminum 11 steps
SN: N/A",
0000-04-99-OtE040.T1-CPO,"Daiken 3/8"" & 1/4"" Drive Socket 40PCS/SET
Model: DS40B
SN: N/A",
0000-04-99-OtE042.Sp1-CPO,"Sprayer, 
Model: Kawasaki 16L
SN: N/A",
0000-04-99-OtE016.RL1-CPO,"Ring Light with stand
Model: QX-260
SN: N/A",
0000-04-99-OtE019.FM1-CPO,"Fog Machine, 
Atomizer Disinfectant Spray
Brand: IDER",
0000-04-99-OtE024.LAM2-CPO,"Laminator, Comix
Model F9050
SN: F90500|1|2050419",
0000-04-99-OtE018.HV1-CPO,"Handheld Vacuum Clean: Toha
Model: TX-01",
,"Portable Generator, Norton PGI800C
SN: 131200200",
,"Portable Generator, Norton PGI800C
SN: 131200319",
,"Portable Generator, Norton PGI800C
SN: 131200440",
,"Portable Generator, Norton PGI800C
SN: 131200109",
,"Portable Generator, Norton PGI800C
SN: 131200327",
,"Portable Generator, Norton PGI800C
SN: 131200384",
,"Portable Generator, Norton PGI800C
SN: 131200087",
,"Portable Generator, Norton PGI800C
SN: 131200221",
,"Portable Generator, Norton PGI800C
SN: 131200451",
,"Portable Generator, Norton PGI800C
SN: 131200058",
,"Portable Generator, Norton PGI800C
SN: 131200485",
,"Power Supply, PS-30",
,"Vacuum Cleaner, 
Model Toha TX-01
SN: 1803AFY134673B00103",
,"GENERATOR, PROMATE,25L	
SN: 220101097",
,"GENERATOR, FUJIHAMA,KC650E
YELLOW",
,"VSAT, PLATE",
,"VSAT, PLATE",
0000-04-07-CE0014.DC1-CPO,"Codan Envoy Desk Console, Type 2230 High Frequency (HF) radio
SN: R640602N0021",
0000-04-07-CE0015.RF1-CPO,"Codan Envoy Desk RF Unit, Type 2210
SN: R640634U0021",
0000-04-07-CE0016.TS1-CPO,"Codan 3020 Transceiver Supply (TS3020-H)
SN: A2507010001",
0000-04-03-CE0017.PTR1-CPO,"Portable Radio, Kirisun T60 Portable 4G LTE PoC Radio",
0000-04-07-CE0003.SP1-CPO,"Satellite Phone,
THURAYA XT-Lite
IMEI: 35606506-148703-2",
0000-04-07-CE0003.SP2-CPO,"Satellite Phone,
THURAYA XT-Lite
IMEI: 35606506-144374-6",
0000-04-03-IT0026.MIC1-CPO,"Wired Microphone
Boya BY-PM500",
0000-04-03-CE0011.PTR1-CPO,"Two Way Radio, Baofeng BF-888S 
SN: PH888S40403",
0000-04-03-CE0011.PTR2-CPO,"Two Way Radio, Baofeng BF-888S 
SN: PH888S40170",
,"ICOM HF RadioTelephone
IC-M700TY
SN: 9823",
0000-04-01-FF022.OT1-CPO,"Table, Tempered Glass Dining Set
Model: T9092A (White and Orange)",
0000-04-01-FF022.OT2-CPO,"Table, Tempered Glass Dining Set
Model: T9092A (White and Orange)",
0000-04-01-FF0042.CT1-CPO,"Table, Computer Table (Sanyang 405317)",
0000-04-01-FF0042.CT2-CPO,"Table, Computer Table (Sanyang 405317)",
0000-04-03-IT0096..OT3-CPO,"Table, Two Tiered Center Table with Glass Top (SMLH5-11006)",
0000-04-03-FF0021.OT2-CPO,"Office Table
8516 L-Type Executive Table L-type

Short Drawer: W40 x H58 cm
Long Drawer: W80 x D40 x H76 cm",
0000-04-01-FF0042.CT3-CPO,"Table, Computer Table (Sanyang 405317)",
0000-04-01-FF0042.CT4-CPO,"Table, Computer Table (Sanyang 405317)",
0000-04-01-FF0030.OT8-CPO,"Folding Table, Lifetime 4x2 ft. (White)
Model: Lifetime 4ft. Folding Table
SN: N/A",
0000-04-01-FF0030.OT9-CPO,"Folding Table, Lifetime 4x2 ft. (White)
Model: Lifetime 4ft. Folding Table
SN: N/A",
0000-04-01-FF0030.OT10-CPO,"Folding Table, Lifetime 4x2 ft. (White)
Model: Lifetime 4ft. Folding Table
SN: N/A",
0000-04-01-FF0030.OT11-CPO,"Folding Table, Lifetime 4x2 ft. (White)
Model: Lifetime 4ft. Folding Table
SN: N/A",
0000-04-01-FF0030.OT12-CPO,"Folding Table, Lifetime 4x2 ft. (White)
Model: Lifetime 4ft. Folding Table
SN: N/A",
0000-04-01-FF0030.OT13-CPO,"Folding Table, 180 x 73 cm (White)
Model: N/A
SN: N/A",
0000-04-01-FF0030.OT14-CPO,"Folding Table, 180 x 73 cm (White)
Model: N/A
SN: N/A",
0000-04-01-FF0030.OT15-CPO,"Folding Table, 180 x 73 cm (White)
Model: N/A
SN: N/A",
0000-04-01-FF0030.OT16-CPO,"Folding Table, 180 x 73 cm (White)
Model: N/A
SN: N/A",
0000-04-01-FF0030.OT17-CPO,"Folding Table, 180 x 73 cm (White)
Model: N/A
SN: N/A",
2024-04-01-FF0008.OT18-CPO,"Office Table, SMP 212  3 Side Drawer with Centralized Lock System and 1 Center Drawer with Lock",
2024-04-01-FF0008.OT19-CPO,"Office Table, SMP 212  3 Side Drawer with Centralized Lock System and 1 Center Drawer with Lock",
2024-04-01-FF0008.OT20-CPO,"Office Table, SMP 212  3 Side Drawer with Centralized Lock System and 1 Center Drawer with Lock",
2024-04-01-FF0008.OT21-CPO,"Office Table, SMP 212  3 Side Drawer with Centralized Lock System and 1 Center Drawer with Lock",
2024-04-01-FF0020.OT22-CPO,"Office Table, Sanyang 408203 5 drawers and 1 Door for Storage",
2024-04-01-FF0020.OT23-CPO,"Office Table,Sanyang 408203 5 drawers and 1 Door for Storage",
,"LIFETIME Table
Model #2940
SN:841101002810",
,"Executive Table
L-type 160 x 80 W x 120 x 45 x 65",
,"Office Table
100L x 50W x 75H",
,"Office Table
100L x 50W x 75H",
,"Office Table
100L x 50W x 75H",
,"Office Table
100L x 50W x 75H",
,"Foldable Table
Heavy duty L180 x W74 x H74",
,"Foldable Table
Heavy duty L180 x W74 x H74",
,"Foldable Table
Heavy duty L180 x W74 x H74",
,"Foldable Table
Heavy duty L180 x W74 x H74",
,"Foldable Table
Heavy duty L180 x W74 x H74",
,"Foldable Table
Heavy duty L180 x W74 x H74",
,"Foldable Table
Heavy duty L180 x W74 x H74",
,"Foldable Table
Heavy duty L180 x W74 x H74",
,"Foldable Table
Heavy duty L180 x W74 x H74",
0000-04-01-FF0030.OT5-CPO,"Foldable Table
Heavy duty L180 x W74 x H74",
0000-04-01-FF0040.OC2-CPO,"Executive Chair, Leatherette
with Metal Base",
0000-04-01-FF0017.OC3-CPO,Gang Chair with Leatherette Cushion and Metal Base - 3 Seater,
0000-04-01-FF0017.OC4-CPO,Gang Chair with Leatherette Cushion and Metal Base - 3 Seater,
0000-04-01-FF0027.OC5-CPO,"Wooden Chair, Flat Square Seat
Wooden backrest with three vertical slats",
0000-04-01-FF0027.OC6-CPO,"Wooden Chair, Flat Square Seat
Wooden backrest with three vertical slats",
0000-04-01-FF0032.OC1-CPO,"Chair, Anders Folding Chair",
0000-04-01-FF0032.OC3-CPO,"Chair, Anders Folding Chair",
0000-04-01-FF0032.OC4-CPO,"Chair, Anders Folding Chair",
0000-04-01-FF0032.OC5-CPO,"Chair, Anders Folding Chair",
0000-04-01-FF0032.OC6-CPO,"Chair, Anders Folding Chair",
0000-04-01-FF0032.OC7-CPO,"Chair, Anders Folding Chair",
0000-04-01-FF0032.OC8-CPO,"Chair, Anders Folding Chair",
0000-04-01-FF0032.OC9-CPO,"Chair, Anders Folding Chair",
0000-04-01-FF0032.OC10-CPO,"Chair, Anders Folding Chair",
0000-04-01-FF0032.OC11-CPO,"Chair, Anders Folding Chair",
0000-04-01-FF0032.OC12-CPO,"Chair, Anders Folding Chair",
0000-04-01-FF0032.OC13-CPO,"Chair, Anders Folding Chair",
0000-04-01-FF0032.OC14-CPO,"Chair, Anders Folding Chair",
0000-04-01-FF0032.OC15-CPO,"Chair, Anders Folding Chair",
0000-04-01-FF0032.OC16-CPO,"Chair, Anders Folding Chair",
0000-04-01-FF0032.OC17-CPO,"Chair, Anders Folding Chair",
0000-04-01-FF0032.OC18-CPO,"Chair, Anders Folding Chair",
0000-04-01-FF0032.OC19-CPO,"Chair, Anders Folding Chair",
0000-04-01-FF0032.OC20-CPO,"Chair, Anders Folding Chair",
0000-04-01-FF0032.OC21-CPO,"Chair, Anders Folding Chair",
0000-04-01-FF0032.OC22-CPO,"Chair, Anders Folding Chair",
0000-04-01-FF0032.OC23-CPO,"Chair, Anders Folding Chair",
0000-04-01-FF0032.OC24-CPO,"Chair, Anders Folding Chair",
0000-04-01-FF0032.OC25-CPO,"Chair, Anders Folding Chair",
0000-04-01-FF0032.OC26-CPO,"Chair, Anders Folding Chair",
0000-04-01-FF0032.OC27-CPO,"Chair, Anders Folding Chair",
0000-04-01-FF0032.OC28-CPO,"Chair, Anders Folding Chair",
0000-04-01-FF0032.OC29-CPO,"Chair, Anders Folding Chair",
0000-04-01-FF0032.OC30-CPO,"Chair, Anders Folding Chair",
0000-04-01-FF0032.OC31-CPO,"Chair, Anders Folding Chair",
0000-04-01-FF0032.OC32-CPO,"Chair, Anders Folding Chair",
0000-04-01-FF0037.C1-CPO,"Chair, Cofta Gardenia Monobloc Chair
Color: Green",
0000-04-01-FF0037.C2-CPO,"Chair, Cofta Gardenia Monobloc Chair
Color: Yellow",
0000-04-01-FF0037.C3-CPO,"Chair, Cofta Gardenia Monobloc Chair
Color: Orange",
0000-04-01-FF0037.C4-CPO,"Chair, Cofta Gardenia Monobloc Chair
Color: Red",
0000-04-01-FF0037.C5-CPO,"Chair, Cofta Gardenia Monobloc Chair
Color: Yellow",
0000-04-01-FF0037.C6-CPO,"Chair, Cofta Gardenia Monobloc Chair
Color: Yellow",
0000-04-01-FF0037.C7-CPO,"Chair, Cofta Gardenia Monobloc Chair
Color: Green",
0000-04-01-FF0037.C8-CPO,"Chair, Cofta Gardenia Monobloc Chair
Color: Green",
0000-04-01-FF0037.C9-CPO,"Chair, Cofta Gardenia Monobloc Chair
Color: Orange",
0000-04-01-FF0037.C10-CPO,"Chair, Cofta Gardenia Monobloc Chair
Color: Red",
0000-04-01-FF0037.C11-CPO,"Chair, Monoblock Chair 
Color: Beige",
0000-04-01-FF0037.C12-CPO,"Chair, Monoblock Chair 
Color: Beige",
0000-04-01-FF0037.C13-CPO,"Chair, Monoblock Chair 
Color: Beige",
0000-04-01-FF0037.C14-CPO,"Chair, Monoblock Chair 
Color: Beige",
0000-04-01-FF0037.C15-CPO,"Chair, Monoblock Chair 
Color: Beige",
0000-04-01-FF0037.C16-CPO,"Chair, Monoblock Chair 
Color: Beige",
0000-04-01-FF0037.C17-CPO,"Chair, Monoblock Chair 
Color: Beige",
0000-04-01-FF0037.C18-CPO,"Chair, Monoblock Chair 
Color: Beige",
0000-04-01-FF0037.C19-CPO,"Chair, Monoblock Chair 
Color: Beige",
0000-04-01-FF0037.C20-CPO,"Chair, Monoblock Chair 
Color: Beige",
,"Executive Chair
High back, leatherette",
,"Office Chair
Midback, mesh type",
,"Office Chair
Midback, mesh type",
,"Foldable Chair
Heavy duty 84cm x 50.5cm x 56cm white",
,"Foldable Chair
Heavy duty 84cm x 50.5cm x 56cm white",
,"Foldable Chair
Heavy duty 84cm x 50.5cm x 56cm white",
,"Foldable Chair
Heavy duty 84cm x 50.5cm x 56cm white",
,"Foldable Chair
Heavy duty 84cm x 50.5cm x 56cm white",
,"Foldable Chair
Heavy duty 84cm x 50.5cm x 56cm white",
,"Foldable Chair
Heavy duty 84cm x 50.5cm x 56cm white",
,"Foldable Chair
Heavy duty 84cm x 50.5cm x 56cm white",
,"Foldable Chair
Heavy duty 84cm x 50.5cm x 56cm white",
,"Foldable Chair
Heavy duty 84cm x 50.5cm x 56cm white",
,"Foldable Chair
Heavy duty 84cm x 50.5cm x 56cm white",
,"Foldable Chair
Heavy duty 84cm x 50.5cm x 56cm white",
,"Foldable Chair
Heavy duty 84cm x 50.5cm x 56cm white",
,"Foldable Chair
Heavy duty 84cm x 50.5cm x 56cm white",
,"Foldable Chair
Heavy duty 84cm x 50.5cm x 56cm white",
,"Foldable Chair
Heavy duty 84cm x 50.5cm x 56cm white",
,"Foldable Chair
Heavy duty 84cm x 50.5cm x 56cm white",
,"Foldable Chair
Heavy duty 84cm x 50.5cm x 56cm white",
,"Foldable Chair
Heavy duty 84cm x 50.5cm x 56cm white",
,"Foldable Chair
Heavy duty 84cm x 50.5cm x 56cm white",
,"Foldable Chair
Heavy duty 84cm x 50.5cm x 56cm white",
,"Foldable Chair
Heavy duty 84cm x 50.5cm x 56cm white",
,"Foldable Chair
Heavy duty 84cm x 50.5cm x 56cm white",
,"Foldable Chair
Heavy duty 84cm x 50.5cm x 56cm white",
,"Foldable Chair
Heavy duty 84cm x 50.5cm x 56cm white",
,"Foldable Chair
Heavy duty 84cm x 50.5cm x 56cm white",
,"Foldable Chair
Heavy duty 84cm x 50.5cm x 56cm white",
,"Foldable Chair
Heavy duty 84cm x 50.5cm x 56cm white",
,"Foldable Chair
Heavy duty 84cm x 50.5cm x 56cm white",
,"Foldable Chair
Heavy duty 84cm x 50.5cm x 56cm white",
0000-04-01-FF0044.R1-CPO,777 5L Imara Rectangular Shoe Rack/Multi Purpose Rack,
0000-04-01-FF0013.C1-CPO,"Cabinet, Hermaco 4 Drawer Vertical Cabinet with safe",
0000-04-01-FF0041.S1-CPO,Wooden Shelf -3 Layer,
0000-04-99-OtE088.PS1-CPO,"Portable Projection Screen
Brand/Model: Acer  P25-W01",
0000-04-01-FF0023.C2-CPO,"Wooden display cabinet 
-5 Shelves with Glass Door and 1 Drawer",